FileName,LabelName
c1je05,Sim5 H 0-106u
c1je04,Sim4 H 106-180u
c1je03,Sim3 H 180-750u
c1je01,Sim1 H 0-1000u
c1je12,Sim12 M 106-180u
c1je11,Sim11 M 180-750u
c1je10,Sim10 M 0-1000u
c1je30,Sim30 Ba 0-1000u
c1je26,Sim26 Ba 0-500u
c1je31,Sim31 An 0-1000u
c1je17,Sim17 An 0-2000u
cjls67,Ap16 H 0-10u
chls67,Ap16 H 0-20u
cils67,Ap16 H 10-20u
cgls67,Ap16 H 20-45u
cfls67,Ap16 H 45-90u
cdls67,Ap16 H 150-250u
ccls67,Ap16 H 250-500u
cbls67,Ap16 H 500-1000u
cals33,Ap14 H SurfaceSoil
bnr1dh032,Ap17 Soil
c5ls01,Ap15 Basalt
cals49,Ap11 M 0-45u
cgls49,Ap11 M 45-75u
chls49,Ap11 M 75-125u
cils49,Ap11 M 125-250u
svls32,Ap12 M RimSoil
